study_id,author_year,article_title,study_design,climate_factors,sample_source,seasonality_subtype
1,García-Rey et al. (2004),Effect of social and climatological factors on antimicrobial use and Streptococcus pneumoniae resistance in different provinces in Spain,Ecological study,Ambient temperature; Precipitation,Clinical isolates,No seasonality
2,"Eber, Michael R., et al. (2011)",Seasonal and Temperature-Associated Increases in Gram-Negative Bacterial Bloodstream Infections among Hospitalized Patients,Time-series study,Ambient temperature; Seasonality; Precipitation; Relative humidity,Clinical isolates,Seasonality with other climate factors
3,Levin-Edens et al. (2011),Survival of environmental and clinical strains of methicillin-resistant Staphylococcus aureus (MRSA) in marine and fresh waters,Laboratory experiment,Ambient temperature,Laboratory isolates,No seasonality
4,"Sahoo, Krushna Chandra, et al. (2014)",Climatic Factors and Community — Associated Methicillin-Resistant Staphylococcus aureus Skin and Soft-Tissue Infections — A Time-Series Analysis Study,Time-series study,Ambient temperature; Relative humidity,Clinical isolates,No seasonality
5,"Blanco, Natalia, et al. (2017)",Effect of meteorological factors and geographic location on methicillin-resistant Staphylococcus aureus and vancomycin-resistant enterococci colonization in the US,Cohort study,Ambient temperature; Seasonality; Precipitation; Relative humidity,Clinical isolates,Seasonality with other climate factors
6,Di Cesare et al. (2017),Rainfall increases the abundance of antibiotic resistance genes within a riverine microbial community,Time-series study,Precipitation,Environmental water,No seasonality
7,Garner et al. (2017),Stormwater loadings of antibiotic resistance genes in an urban stream,Time-series study,Ambient temperature; Precipitation; Extreme weather events,Environmental water,No seasonality
8,MacFadden et al. (2018),Antibiotic resistance increases with local temperature,Ecological study,Ambient temperature,Clinical isolates,No seasonality
9,Ahmed et al. (2018),Precipitation influences pathogenic bacteria and antibiotic resistance gene abundance in storm drain outfalls in coastal sub-tropical waters,Cross-sectional study,Precipitation; Extreme weather events,Environmental water,No seasonality
10,Collignon et al. (2018),Anthropological and socioeconomic factors contributing to global antimicrobial resistance: a univariate and multivariable analysis,Ecological study,Ambient temperature; Precipitation,Clinical isolates,No seasonality
11,Zheng et al. (2018),High-throughput profiling of seasonal variations of antibiotic resistance gene transport in a peri-urban river,Time-series study,Ambient temperature; Seasonality,Environmental water,Seasonality with other climate factors
12,Chen et al. (2019),High-throughput profiling of antibiotic resistance gene dynamic in a drinking water river-reservoir system,Time-series study,Ambient temperature; Seasonality; Precipitation,Environmental water,Seasonality with other climate factors
13,Duff et al. (2019),Land Use and Environmental Variables Influence Tetracycline-Resistant Bacteria Occurrence in Southeastern Coastal Plain Streams,Time-series study,Ambient temperature; Precipitation; Extreme weather events,Wastewater,No seasonality
14,Fang et al. (2019),Decoupling the Dynamics of Bacterial Taxonomy and Antibiotic Resistance Function in a Subtropical Urban Reservoir as Revealed by High-Frequency Sampling,Time-series study,Ambient temperature; Precipitation,Environmental water,No seasonality
15,Pärnänen et al. (2019),Antibiotic resistance in European wastewater treatment plants mirrors the pattern of clinical antibiotic resistance prevalence,Ecological study,Ambient temperature; Seasonality,Wastewater,Seasonality with other climate factors
16,Yang et al. (2019),Bacterial community and climate change implication affected the diversity and abundance of antibiotic resistance genes in wetlands on the Qinghai-Tibetan Plateau,Cross-sectional study,Ambient temperature; Precipitation; Relative humidity,Soil/agricultural sources,No seasonality
18,Hernandez et al. (2020),Impact of wave action and rainfall on incidence and antibiotic resistance of total coliforms in Southern California beaches,Cross-sectional study,Ambient temperature,Environmental water,No seasonality
19,Kaba et al. (2020),Thinking outside the box: Association of antimicrobial resistance with climate warming in Europe – A 30 country observational study,Ecological study,Ambient temperature; Seasonality,Clinical isolates,Seasonality with other climate factors
20,Lee et al. (2020),Residential urban stormwater runoff: A comprehensive profile of microbiome and antibiotic resistance,Cross-sectional study,Ambient temperature; Precipitation,Environmental water,No seasonality
21,McGough SF et al. (2020),Rates of increase of antibiotic resistance and ambient temperature in Europe: a cross-national analysis of 28 countries between 2000 and 2016,Ecological study,Ambient temperature; Interaction/Composite exposure,Clinical isolates,No seasonality
22,Wei et al. (2020),"Airborne bacterial communities and antibiotic resistance gene dynamics in
 PM2.5 during rainfall",Cross-sectional study,Ambient temperature; Precipitation; Relative humidity,Air/aerosol,No seasonality
24,Jang et al. (2021),Hydrometeorological Influence on Antibiotic‐Resistance Genes (ARGs) and Bacterial Community at a Recreational Beach in Korea,Cross-sectional study,Ambient temperature; Precipitation,Environmental water,No seasonality
25,Rodríguez et al. (2021),Climatological and Epidemiological Conditions Are Important Factors Related to the Abundance of blaKPC and Other Antibiotic Resistance Genes (ARGs) in Wastewater Treatment Plants and Their Effluents,Cross-sectional study,Ambient temperature; Precipitation,Wastewater,No seasonality
26,Yang et al. (2021),"Fecal indicators, pathogens, antibiotic resistance genes, and ecotoxicity in Galveston Bay after Hurricane Harvey",Cross-sectional study,Ambient temperature; Precipitation; Extreme weather events,Soil/agricultural sources,No seasonality
27,Feldman et al. (2022),Effect of temperature on Escherichia coli bloodstream infection in a nationwide population-based study of incidence and resistance,Ecological study,Ambient temperature; Seasonality,Clinical isolates,Seasonality with other climate factors
28,LaMontagne et al. (2022),"Hurricane Harvey Impacts on Water Quality and Microbial Communities in Houston, TX Waterbodies",Cross-sectional study,Extreme weather events,Environmental water,No seasonality
29,Lee et al. (2022),Wastewater bypass is a major temporary point-source of antibiotic resistance genes and multi-resistance risk factors in a Swiss river,Cross-sectional study,Precipitation; Extreme weather events,Environmental water,No seasonality
30,Li Z. et al. (2022).,Influence of site-specific factors on antibiotic resistance in agricultural soils of Yangtze River Delta: An integrated study of multi-factor modeling,Modeling study,Ambient temperature; Precipitation; Relative humidity,Soil/agricultural sources,No seasonality
31,Li. et al. (2022),Climate warming increases the proportions of specific antibiotic resistance genes in natural soil ecosystems,Cross-sectional study,Ambient temperature; Seasonality,Soil/agricultural sources,Seasonality with other climate factors
32,Zheng et al. (2022),Metagenomics highlights the impact of climate and human activities on antibiotic resistance genes in China's estuaries,Cross-sectional study,Ambient temperature; Precipitation; Relative humidity,Soil/agricultural sources,No seasonality
33,Li et al. (2022),Association between antibiotic resistance and increasing ambient temperature in China: An ecological study with nationwide panel data,Ecological study,Ambient temperature; Precipitation; Relative humidity,Clinical isolates,No seasonality
34,Maugeri et al. (2023),Socioeconomic and Governance Factors Disentangle the Relationship between Temperature and Antimicrobial Resistance: A 10-Year Ecological Analysis of European Countries,Ecological study,Ambient temperature,Clinical isolates,No seasonality
35,Rahbe E. et al. (2023).,Determinants of worldwide antibiotic resistance dynamics across drug-bacterium pairs: a multivariable spatial-temporal analysis using ATLAS.,Modeling study,Ambient temperature; Precipitation; Extreme weather events; Relative humidity,Clinical isolates,No seasonality
36,Song D et al. (2023),Regional distribution and migration potential of antibiotic resistance genes in croplands of Qinghai Tibet Plateau,Cross-sectional study,Ambient temperature; Precipitation,Soil/agricultural sources,No seasonality
37,Yang J et al. (2023),Metagenomics reveals that temperature predicts a small proportion of antibiotic resistomes and mobile genetic elements in polluted water,Laboratory experiment,Ambient temperature; Precipitation; Relative humidity,Environmental water,No seasonality
38,Yu Q. et al. (2023),Metagenomics reveals the response of antibiotic resistance genes to elevated temperature in the Yellow River.,Modeling study,Ambient temperature,Environmental water,No seasonality
39,Zeng et al. (2023),The association between ambient temperature and antimicrobial resistance of Klebsiella pneumoniae in China: a difference-in-differences analysis,Ecological study,Ambient temperature; Precipitation; Relative humidity,Clinical isolates,No seasonality
40,Zhao et al. (2023),Antibiotic resistance genes in constructed wetlands: Driving indicators and risk assessment,Ecological study,Ambient temperature; Seasonality,Wastewater,Seasonality with other climate factors
41,Zhou et al. (2023),Association between particulate matter (PM)2·5 air pollution and clinical antibiotic resistance: a global analysis,Modeling study,Ambient temperature; Precipitation,Clinical isolates,No seasonality
42,Ke et al. (2024),Effects of treatments and distribution on microbiome and antibiotic resistome from source to tap water in three Chinese geographical regions based on metagenome assembly,Cross-sectional study,Ambient temperature,Environmental water,No seasonality
43,Liu et al. (2024),Seasonal meropenem resistance in Acinetobacter baumannii and influence of temperature-driven adaptation,Modeling study,Ambient temperature; Seasonality,Laboratory isolates,Seasonality with other climate factors
44,Sajjad et al. (2024),"Seasonal and spatial variations in concentration, diversity, and antibiotic resistance of ambient bioaerosols in an arid region",Time-series study,Ambient temperature; Seasonality; Relative humidity,Air/aerosol,Seasonality with other climate factors
45,Shen et al. (2024),"Antibiotic Resistance in a Coastal River in Mississippi, USA - Potential Drivers",Time-series study,Ambient temperature; Seasonality,Wastewater,Seasonality with other climate factors
46,Sun et al. (2024),Environmental factors influencing the development and spread of resistance in erythromycin-resistant streptococcus pneumoniae,Ecological study,Ambient temperature; Seasonality; Precipitation; Relative humidity,Clinical isolates,Seasonality with other climate factors
48,Yang et al. (2024),Effect of Temperature on Carbapenemase-Encoding Plasmid Transfer in Klebsiella pneumoniae,Modeling study,Ambient temperature; Seasonality,Laboratory isolates,Seasonality with other climate factors
49,Yang et al. (2024),Antibiotic resistance and resistome risks of inhalable bioaerosols at aeration tank of a full-scale wastewater treatment plant,Modeling study,Ambient temperature; Seasonality; Interaction/Composite exposure,Wastewater,Seasonality with other climate factors
50,Tang Yang et al. (2024),"Airborne antibiotic resistome from sludge dewatering systems: Mobility, pathogen accessibility, cross-media migration propensity, impacting factors, and risks",Cross-sectional study,Ambient temperature; Seasonality; Relative humidity,Clinical isolates,Seasonality with other climate factors
51,Haitao Yuan et al. (2024),The longitudinal trend and influential factors exploring of global antimicrobial resistance in Klebsiella pneumoniae,Time-series study,Ambient temperature; Seasonality; Precipitation,Clinical isolates,Seasonality with other climate factors
53,Yi-Chang Zhao et al. (2024),Analyzing the correlation between quinolone-resistant Escherichia coli resistance rates and climate factors: A comprehensive analysis across 31 Chinese provinces,Modeling study,Ambient temperature; Precipitation; Relative humidity,Clinical isolates,No seasonality
55,Kou et al. (2025),Panel data analysis of the effect of ambient temperature on antimicrobial resistance in China,Ecological study,Ambient temperature; Seasonality; Precipitation; Relative humidity,Clinical isolates,Seasonality with other climate factors
56,Li et al. (2025),Changing climate and socioeconomic factors contribute to global antimicrobial resistance,Modeling study,Ambient temperature; Precipitation,Clinical isolates,No seasonality
58,Rizvi et al. (2025),Klebsiella pneumoniae urinary tract infection: A multicentric study highlights significant regional variations in antimicrobial susceptibility across India,Cross-sectional study,Ambient temperature; Relative humidity,Clinical isolates,No seasonality
59,Wang et al. (2025),A global atlas and drivers of antimicrobial resistance in Salmonella during 1900-2023,Ecological study,Ambient temperature,Clinical isolates,No seasonality
60,Zhang et al. (2025),"From glacier forelands to human settlements: Patterns, environmental drivers, and risks of antibiotic resistance genes",Ecological study,Ambient temperature; Precipitation; Relative humidity,Soil/agricultural sources,No seasonality
61,Zhou et al. (2025),Factors associated with clinical antimicrobial resistance in China: a nationwide analysis,Ecological study,Ambient temperature; Precipitation; Relative humidity,Clinical isolates,No seasonality
62,Zhao et al. (2024),Nonlinear impacts of temperature on antibiotic resistance in Escherichia coli,Laboratory experiment,Ambient temperature,Laboratory isolates,No seasonality
63,Zhao et al. (2024),Nonlinear impacts of temperature on antibiotic resistance in Escherichia coli,Laboratory experiment,Ambient temperature,Laboratory isolates,No seasonality
64,Wang et al. (2016),"Pleiotropic effects of temperature-regulated 2-OH-lauroytransferase (PA0011) on Pseudomonas aeruginosa antibiotic resistance, virulence and type III secretion system",Cross-sectional study,Ambient temperature,Laboratory isolates,No seasonality
65,Van Eldijk et al. (2024),Temperature dependence of the mutation rate towards antibiotic resistance,Laboratory experiment,Ambient temperature,Laboratory isolates,No seasonality
66,Stokes et al. (2016),Cold Stress Makes Escherichia coli Susceptible to Glycopeptide Antibiotics by Altering Outer Membrane Integrity,Cross-sectional study,Ambient temperature,Laboratory isolates,No seasonality
67,Song et al. (2025),Effects of Temperature on Resistance to Streptomycin in Xanthomonas arboricola pv. pruni,Laboratory experiment,Ambient temperature,Laboratory isolates,No seasonality
68,Sobur et al. (2022),Higher seasonal temperature enhances the occurrence of methicillin resistance of Staphylococcus aureus in house flies (Musca domestica) under hospital and environmental settings,Cross-sectional study,Ambient temperature; Seasonality; Relative humidity,Clinical isolates,Seasonality with other climate factors
69,Schages et al. (2020),Winter is coming – Impact of temperature on the variation of beta-lactamase and mcr genes in a wastewater treatment plant,Time-series study,Ambient temperature; Seasonality; Precipitation,Clinical isolates,Seasonality with other climate factors
71,Mira et al. (2022),"Evolution of antibiotic resistance impacts optimal
temperature and growth rate in Escherichia coli and
Staphylococcus epidermidis",Cross-sectional study,Ambient temperature,Laboratory isolates,No seasonality
72,Miller et al. (2021),Elevation of antibiotic resistance genes in biosolid storage under varying temperature conditions,Laboratory experiment,Ambient temperature,Wastewater,No seasonality
73,Li et al. (2020),Contrasting distribution of antibiotic resistance genes and microbial communities in suspended activated sludge versus attached biofilms in an integrated fixed film activated sludge (IFAS) system,Cross-sectional study,Ambient temperature,Wastewater,No seasonality
74,Kim et al. (2008),Differential Effects of Temperature on Natural Transformation to Erythromycin and Nalidixic Acid Resistance in Campylobacter coli,Laboratory experiment,Ambient temperature,Laboratory isolates,No seasonality
75,Huang et al. (2019),Higher Temperatures Do Not Always Achieve Better Antibiotic Resistance Gene Removal in Anaerobic Digestion of Swine Manure,Laboratory experiment,Ambient temperature,Wastewater,No seasonality
76,Grilo et al. (2021),"Climatic Alterations Influence Bacterial Growth, Biofilm Production and Antimicrobial Resistance Profiles in Aeromonas spp.",Modeling study,Ambient temperature; Precipitation; Relative humidity,Environmental water,No seasonality
77,Gong et al. (2020),Low-temperature laminar flow ward for the treatment of multidrug resistance Acinetobacter baumannii pneumonia,Modeling study,Ambient temperature; Seasonality,Laboratory isolates,Seasonality with other climate factors
79,Zhu et al. (2023),Unraveling antibiotic resistomes associated with bacterial and viral communities in intertidal mudflat aquaculture area,Cross-sectional study,Ambient temperature; Seasonality,Soil/agricultural sources,Seasonality with other climate factors
80,Zhou et al. (2018),Occurrence and Distribution of Urban Dust-Associated Bacterial Antibiotic Resistance in Northern China,Cross-sectional study,Seasonality,Environmental water,Seasonality only
81,Zdragas et al. (2012),"Prevalence, seasonal occurrence and antimicrobial resistance of Salmonella in poultry retail products in Greece",Cross-sectional study,Seasonality,Soil/agricultural sources,Seasonality only
82,Yuan et al. (2014),Monitoring and assessing the impact of wastewater treatment on release of both antibiotic-resistant bacteria and their typical genes in a Chinese municipal wastewater treatment plant,Time-series study,Ambient temperature,Wastewater,No seasonality
83,Yu et al. (2023),An extensive assessment of seasonal rainfall on intracellular and extracellular antibiotic resistance genes in Urban River systems,Cross-sectional study,Seasonality; Precipitation; Extreme weather events,Environmental water,Seasonality with other climate factors
84,Xu et al. (2020),"Characteristics of antibiotics and antibiotic resistance genes in Qingcaosha Reservoir in Yangtze River Delta, China",Cross-sectional study,Ambient temperature; Seasonality; Precipitation,Environmental water,Seasonality with other climate factors
85,Xie et al. (2018),Seasonal Disparities in Airborne Bacteria and Associated Antibiotic Resistance Genes in PM2.5 between Urban and Rural Sites,Time-series study,Ambient temperature; Seasonality,Air/aerosol,Seasonality with other climate factors
86,Xie et al. (2019),Bacteria and Antibiotic Resistance Genes (ARGs) in PM2.5 from China: Implications for Human Exposure,Time-series study,Seasonality,Air/aerosol,Seasonality only
87,Xiao et al. (2024),Spatial Distribution and Seasonal Variation of Antibiotic-Resistant Bacteria in an Urban River in Northeast China,Cross-sectional study,Seasonality,Environmental water,Seasonality only
88,Xiang et al. (2021),Seasonal change is a major driver of soil resistomes at a watershed scale,Time-series study,Ambient temperature; Seasonality; Precipitation,Soil/agricultural sources,Seasonality with other climate factors
89,Wu et al. (2022),"Antibiotic resistance genes in Chishui River, a tributary of the Yangtze River, China: Occurrence, seasonal variation and its relationships with antibiotics, heavy metals and microbial communities",Cross-sectional study,Seasonality; Precipitation,Environmental water,Seasonality with other climate factors
90,Wu et al. (2024),"Non-negligible roles of upstream rivers in determining the antibiotic resistance genes community in an interconnected river-lake system (Dongting lake, China)",Time-series study,Ambient temperature; Seasonality,Soil/agricultural sources,Seasonality with other climate factors
91,Wu et al. (2020),Contamination profile of antibiotic resistance genes in ground water in comparison with surface water,Time-series study,Seasonality,Soil/agricultural sources,Seasonality only
93,Wang et al. (2024),Wastewater surveillance for antibiotics and resistance genes in a river catchment: Spatiotemporal variations and the main drivers,Time-series study,Ambient temperature; Seasonality; Precipitation,Wastewater,Seasonality with other climate factors
94,Wang et al. (2022),Seasonal distribution of antibiotic resistance genes under the influence of land-ocean interaction in a semi-enclosed bay,Time-series study,Ambient temperature; Seasonality; Precipitation,Wastewater,Seasonality with other climate factors
95,Wang et al. (2020),"Occurrence, distribution, and source track of antibiotics and antibiotic resistance genes in the main rivers of Chongqing city, southwest China",Time-series study,Ambient temperature; Seasonality; Precipitation,Soil/agricultural sources,Seasonality with other climate factors
96,Wang et al. (2025),Effect of cyanobacterial bloom proliferation on antibiotic resistance genes in the sediments of a eutrophic lake,Time-series study,Ambient temperature; Seasonality; Precipitation,Soil/agricultural sources,Seasonality with other climate factors
98,van Hees et al. (2007),Regional and seasonal differences in incidence and antibiotic resistance of Campylobacter from a nationwide surveillance study in The Netherlands: an overview of 2000–2004,Cross-sectional study,Seasonality,Clinical isolates,Seasonality only
99,Le et al. (2021),Prevalence of antibiotic resistance genes in the Saigon River impacted by anthropogenic activities and their relation to environmental factors,Cross-sectional study,Ambient temperature; Seasonality; Precipitation,Environmental water,Seasonality with other climate factors
100,Tavares et al. (2024),ntegron-associated genes are reliable indicators of antibiotic resistance in wastewater despite treatment- and seasonality-driven fluctuations,Time-series study,Seasonality; Precipitation,Wastewater,Seasonality with other climate factors
101,Talsma et al. (1999),Resistance in Campylobacter Species: Increased Resistance to Fluoroquinolones and Seasonal Variation,Time-series study,Ambient temperature; Seasonality,Clinical isolates,Seasonality with other climate factors
102,Sun et al. (2012),Seasonality and Temporal Correlation between Community Antibiotic Use and Resistance in the United States,Time-series study,Ambient temperature; Seasonality,Clinical isolates,Seasonality with other climate factors
103,Sun et al. (2022),Analysis of multiple bacterial species and antibiotic classes reveals large variation in the association between seasonal antibiotic use and resistance,Modeling study,Ambient temperature; Seasonality,Clinical isolates,Seasonality with other climate factors
106,Soucy et al. (2020),Fluoroquinolone Use and Seasonal Patterns of Ciprofloxacin Resistance in Community-Acquired Urinary Escherichia coli Infection in a Large Urban Center,Modeling study,Ambient temperature; Seasonality,Clinical isolates,Seasonality with other climate factors
110,Siedlecka & Piekarska (2019),Antibiotic resistance in tap water during the summer season – preliminary research,Cross-sectional study,Seasonality,Wastewater,Seasonality only
111,Rossi et al. (2024),Temporal variations of antimicrobial resistance genes in aerosols: A one-year monitoring at the puy de Dôme summit (Central France),Ecological study,Seasonality,Air/aerosol,Seasonality only
112,Rao et al. (2024),"Determining the spatiotemporal variation, sources, and ecological processes of antibiotic resistance genes in a typical lake of the middle reaches of the Yangtze River",Ecological study,Ambient temperature; Seasonality,Soil/agricultural sources,Seasonality with other climate factors
113,Ramsey et al. (2019),Seasonal variation in antimicrobial resistance rates of community-acquired Escherichia coli bloodstream isolates,Time-series study,Seasonality,Clinical isolates,Seasonality only
114,Polianciuc et al. (2024),Antibiotic Residues and Resistance in Three Wastewater Treatment Plants in Romania,Time-series study,Ambient temperature; Seasonality; Precipitation; Interaction/Composite exposure,Clinical isolates,Seasonality with other climate factors
115,Peng et al. (2019),An extensively shared antibiotic resistome among four seasons suggests management prioritization in a subtropical riverine ecosystem,Ecological study,Ambient temperature; Seasonality; Precipitation,Environmental water,Seasonality with other climate factors
116,Pan et al. (2020),"Seasonal variation of antibiotics in surface water of Pudong New Area of Shanghai, China and the occurrence in typical wastewater sources",Cross-sectional study,Ambient temperature; Seasonality; Precipitation,Wastewater,Seasonality with other climate factors
117,Pak & King (2022),Impact of seasonal variations on microbiome diversity and antibiotic resistance in aerosolized bacteria in a dairy facility,Cross-sectional study,Ambient temperature; Seasonality; Relative humidity,Air/aerosol,Seasonality with other climate factors
119,Oktaviani & Priadi (2024),Contamination analysis of antimicrobial resistance in Escherichia coli in the domestic environment,Ecological study,Ambient temperature; Seasonality; Precipitation,Animal sources,Seasonality with other climate factors
120,Oguttu et al. (2017),An Exploratory Descriptive Study of Antimicrobial Resistance Patterns of Staphylococcus Spp. Isolated from Horses Presented at a Veterinary Teaching Hospital,Cross-sectional study,Ambient temperature; Seasonality; Precipitation; Relative humidity,Clinical isolates,Seasonality with other climate factors
121,O’Malley et al. (2022),Seasonal and spatial patterns differ between intracellular and extracellular antibiotic resistance genes in urban stormwater runoff,Time-series study,Seasonality; Precipitation; Extreme weather events,Environmental water,Seasonality with other climate factors
122,Neher et al. (2020),Seasonal variations in export of antibiotic resistance genes and bacteria in runoff from an agricultural watershed in Iowa,Time-series study,Ambient temperature; Seasonality; Precipitation,Environmental water,Seasonality with other climate factors
124,Mohanty et al. (2004),Seasonality and antimicrobial resistance pattern of Vibrio cholerae in a tertiary care hospital of North India,Cohort study,Seasonality,Clinical isolates,Seasonality only
125,Mohanta & Goel (2014),Prevalence of antibiotic-resistant bacteria in three different aquatic environments over three seasons,Cross-sectional study,Seasonality; Precipitation,Wastewater,Seasonality with other climate factors
126,Michel et al. (2006),"Regional, Seasonal, and Antimicrobial Resistance Distributions of Salmonella Typhimurium in Canada: A Multi-Provincial Study",Ecological study,Seasonality,Clinical isolates,Seasonality only
127,McDonnell & Treonis (2004),A Survey of Antibiotic Resistance Among Coliform Bacteria Isolated from the Missouri River,Time-series study,Ambient temperature; Seasonality; Precipitation,Environmental water,Seasonality with other climate factors
128,Martínez et al. (2020),"Trends, seasonality and the association between outpatient antibiotic use and antimicrobial resistance among urinary bacteria in the Netherlands",Modeling study,Seasonality,Clinical isolates,Seasonality only
129,Maripandi & Al-Salamah (2010),Multiple-Antibiotic Resistance and Plasmid Profiles of Salmonella enteritidis Isolated from Retail Chicken Meats,Cross-sectional study,Seasonality,Animal sources,Seasonality only
130,Marco et al. (2000),"Streptococcus pneumoniae in community-acquired respiratory tract infections in Spain: the impact of serotype and geographical, seasonal and clinical factors on its susceptibility to the most commonly prescribed antibiotics ",Cohort study,Seasonality,Clinical isolates,Seasonality only
131,Luiken et al. (2022),Determinants for antimicrobial resistance genes in farm dust on 333 poultry and pig farms in nine European countries,Ecological study,Ambient temperature,Soil/agricultural sources,No seasonality
132,Lu & Lu (2020),Seasonal variations in antibiotic resistance genes in estuarine sediments and the driving mechanisms,Cross-sectional study,Ambient temperature; Seasonality,Soil/agricultural sources,Seasonality with other climate factors
133,Lu et al. (2020),Continental-scale spatio-temporal distribution of antibiotic resistance genes in coastal waters along the coastline of China,Cross-sectional study,Ambient temperature; Seasonality,Environmental water,Seasonality with other climate factors
134,Lobova et al. (2002),Geographical and seasonal distribution of multiple antibiotic resistance of heterotrophic bacteria of Lake Shira,Cross-sectional study,Ambient temperature; Seasonality,Environmental water,Seasonality with other climate factors
135,Lobova et al. (2008),Multiple antibiotic resistance of heterotrophic bacteria in the littoral zone of Lake Shira as an indicator of human impact on the ecosystem,Cross-sectional study,Ambient temperature; Seasonality,Environmental water,Seasonality with other climate factors
136,Liu et al. (2023),Spatiotemporal distributions of sulfonamide and tetracycline resistance genes and microbial communities in the coastal areas of the Yangtze River Estuary,Cross-sectional study,Ambient temperature; Seasonality; Precipitation,Soil/agricultural sources,Seasonality with other climate factors
137,Liu et al. (2020),Spatial and seasonal variations of antibiotics and ARGs in coral reef regions in South China Sea,Cross-sectional study,Ambient temperature; Seasonality; Precipitation,Environmental water,Seasonality with other climate factors
138,Liu et al. (2023),Antibiotic resistant genes profile in the surface water of subtropical drinking water river-reservoir system,Cross-sectional study,Ambient temperature; Seasonality,Environmental water,Seasonality with other climate factors
139,Xia et al. (2015),"Serotypes, seasonal trends, and antibioticresistance of non-typhoidal Salmonella fromhuman patients in Guangdong Province, China,2009–2012",Time-series study,Seasonality,Clinical isolates,Seasonality only
140,Wang et al. (2020),Spatial and seasonal variations of antibiotic resistance genes and antibiotics in the surface waters of Poyang Lake in China,Time-series study,Ambient temperature; Seasonality,Environmental water,Seasonality with other climate factors
141,Li et al. (2025),Dynamics of antibiotic resistance genes and bacterial community structure within substrate biofilms,Cross-sectional study,Ambient temperature; Seasonality; Precipitation,Environmental water,Seasonality with other climate factors
142,Li et al. (2019),"Occurrence and removal of antibiotics and antibiotic resistance genes in natural and constructed riverine wetlands in Beijing, China",Cross-sectional study,Ambient temperature; Seasonality,Soil/agricultural sources,Seasonality with other climate factors
143,Li et al. (2025),Linking Antibiotic Residues and Antibiotic Resistance Genes to Water Quality Parameters in Urban Reservoirs: A Seasonal Perspective,Cross-sectional study,Ambient temperature; Seasonality,Environmental water,Seasonality with other climate factors
144,Li et al. (2021),Fate of antibiotic resistance genes in abandoned swine feedlots in China: seasonal variation,Cross-sectional study,Ambient temperature; Seasonality; Precipitation,Environmental water,Seasonality with other climate factors
145,Li-Juan Li et al. (2024),"Spatiotemporal Changes of Antibiotic Resistance, Potential Pathogens, and Health Risk in Kindergarten Dust",Cross-sectional study,Ambient temperature; Seasonality,Environmental water,Seasonality with other climate factors
146,Kumar et al. (2020),Seasonality impels the antibiotic resistance in Kelani River of the emerging economy of Sri Lanka,Cross-sectional study,Ambient temperature; Seasonality; Precipitation,Environmental water,Seasonality with other climate factors
147,Kolonitsiou F. et al. (2017),Trends of Bloodstream Infections in a University Greek Hospital during a Three-Year Period: Incidence of Multidrug-Resistant Bacteria and Seasonality in Gram-negative Predominance,Time-series study,Seasonality,Clinical isolates,Seasonality only
149,Kim et al. (2022),Metagenomics indicate that public health risk may be higher from flooding following dry versus rainy periods,Cross-sectional study,Precipitation; Extreme weather events,Environmental water,No seasonality
151,Ke et al. (2023),Seasonal variations of microbial community and antibiotic resistome in a suburb drinking water distribution system in a northern Chinese city,Cross-sectional study,Ambient temperature; Seasonality,Environmental water,Seasonality with other climate factors
152,Javvadi & Mohan et al. (2024),Temporal dynamics and persistence of resistance genes to broad spectrum antibiotics in an urban community,Cross-sectional study,Ambient temperature; Seasonality,Wastewater,Seasonality with other climate factors
153,Jałowiecki et al. (2022),Seasonal and Technological Shifts of the WHO Priority Multi-Resistant Pathogens in Municipal Wastewater Treatment Plant and Its Receiving Surface Water: A Case Study,Time-series study,Ambient temperature; Seasonality; Precipitation,Wastewater,Seasonality with other climate factors
154,Ito et al. (2025),Analysis of Drug-Resistant Bacteria Seasonality in Japan Using Financial Time Series Analysis Method: A Nationwide Longitudinal Study,Modeling study,Ambient temperature; Seasonality; Relative humidity,Clinical isolates,Seasonality with other climate factors
155,Islam et al. (2025),Occurrence of Antibiotic-Resistant Bacteria in Urban Surface Water Sources in Bangladesh,Cross-sectional study,Seasonality; Precipitation,Environmental water,Seasonality with other climate factors
156,Huang et al. (2019),Diverse and abundant antibiotics and antibiotic resistance genes in an urban water system,Cross-sectional study,Ambient temperature; Seasonality; Precipitation; Relative humidity,Wastewater,Seasonality with other climate factors
157,Hou et al. (2021),"Fecal pollution mediates the dominance of stochastic assembly of antibioticresistome in an urban lagoon (Yundang lagoon), China",Time-series study,Ambient temperature; Seasonality; Precipitation,Animal sources,Seasonality with other climate factors
158,Hoberman et al. (2005),Penicillin Susceptibility of Pneumococcal Isolates Causing Acute Otitis Media in Children: Seasonal Variation,Cohort study,Ambient temperature; Seasonality,Clinical isolates,Seasonality with other climate factors
159,Hobeika et al. (2022),Resistome Diversity and Dissemination of WHO Priority Antibiotic Resistant Pathogens in Lebanese Estuaries,Cross-sectional study,Ambient temperature; Seasonality,Environmental water,Seasonality with other climate factors
160,Herrig et al. (2020),"Prevalence and seasonal dynamics of blaCTX-M antibiotic resistance genes and fecal indicator organisms in the lower Lahn River, Germany",Time-series study,Ambient temperature; Seasonality; Precipitation; Relative humidity,Environmental water,Seasonality with other climate factors
161,Harnisz et al. (2020),The impact of WWTP size and sampling season on the prevalence of antibiotic resistance genes in wastewater and the river system,Time-series study,Ambient temperature; Seasonality,Wastewater,Seasonality with other climate factors
162,Güvenir et al. (2021),Do Seasonal Changes and Climate Effect the Prevalence of Antibiotic Resistance of Acinetobacter calcoaceticus-baumannii Complex?,Cross-sectional study,Seasonality,Clinical isolates,Seasonality only
163,Guo et al. (2018),"Seasonal and spatial distribution of antibiotic resistance genes in the sediments along the Yangtze Estuary, China",Ecological study,Ambient temperature; Seasonality,Wastewater,Seasonality with other climate factors
164,Guo et al. (2022),Multi-Media Occurrence of Antibiotics and Antibiotic Resistance Genes in East Dongting Lake,Cross-sectional study,Ambient temperature; Seasonality; Precipitation,Soil/agricultural sources,Seasonality with other climate factors
165,Goossens et al. (2005),Outpatient antibiotic use in Europe and association with resistance: a cross-national database study,Ecological study,Seasonality,Clinical isolates,Seasonality only
166,Gönder et al. (2021),"Detailed characterization, antibiotic resistance and seasonal variation of hospital wastewater",Cross-sectional study,Ambient temperature; Seasonality; Interaction/Composite exposure,Clinical isolates,Seasonality with other climate factors
167,Gao et al. (2022),"Seasonal variation, virulence gene and antibiotic resistance of Vibrio in a semi-enclosed bay with mariculture (Dongshan Bay, Southern China)",Cross-sectional study,Ambient temperature; Seasonality,Environmental water,Seasonality with other climate factors
168,Fossen et al. (2024),Antimicrobial resistance in generic E. coli isolated from western Canadian cow-calf herds,Cross-sectional study,Seasonality; Interaction/Composite exposure,Animal sources,Seasonality with other climate factors
169,Du et al. (2015),Variation of antibiotic resistance genes in municipal wastewater treatment plant with A2O-MBR system,Cross-sectional study,Seasonality,Wastewater,Seasonality only
170,Di Carlo et al. (2025),Seasonal Change in Microbial Diversity: Bile Microbiota and Antibiotics Resistance in Patients with Bilio-Pancreatic Tumors: A Retrospective Monocentric Study (2010–2020),Cohort study,Seasonality,Clinical isolates,Seasonality only
171,Delorme et al. (2017),"A longitudinal analysis of methicillin-resistant and sensitiveStaphylococcus aureus incidence in respect to specimen source, patientlocation, and temperature variation",Time-series study,Ambient temperature; Seasonality,Clinical isolates,Seasonality with other climate factors
172,Delgado-Baquerizo et al. (2022),The global distribution and environmental drivers of the soil antibiotic resistome,Cross-sectional study,Ambient temperature; Seasonality; Precipitation,Soil/agricultural sources,Seasonality with other climate factors
173,Dagan et al. (2008),Seasonality of Antibiotic-Resistant Streptococcus pneumoniae That Causes Acute Otitis Media: A Clue for an Antibiotic-Restriction Policy?,Cohort study,Ambient temperature; Seasonality,Clinical isolates,Seasonality with other climate factors
174,Brandão et al. (2017),Microbiological Quality and Prevalence of β-Lactam Antibiotic Resistance Genes in Oysters (Crassostrea rhizophorae),Cross-sectional study,Seasonality; Precipitation,Environmental water,Seasonality with other climate factors
175,Czatzkowska et al. (2020),Catchment scale analysis of occurrence of antibiotic resistance genes in treated wastewater,Cross-sectional study,Seasonality,Wastewater,Seasonality only
176,COX et al. (2012),Spatial and temporal patterns in antimicrobial resistance of Salmonella Typhimurium in cattle in England and Wales,Modeling study,Ambient temperature; Seasonality,Soil/agricultural sources,Seasonality with other climate factors
177,Chen et al. (2025),"Composition, Distribution and Mobility Potential of the Antibiotic Resistome in Sediments from the East China Sea Revealed by Metagenomic Analysis",Ecological study,Ambient temperature; Seasonality,Soil/agricultural sources,Seasonality with other climate factors
178,Chattopadhya D et al. (2021),Hospital Premises as a Potential Reservoir of Antimicrobial Resistance,Cross-sectional study,Ambient temperature; Seasonality; Precipitation; Extreme weather events; Relative humidity,Clinical isolates,Seasonality with other climate factors
179,Cassone M et al. (2021),Seasonal Patterns in Incidence and Antimicrobial Resistance of Common Bacterial Pathogens in Nursing Home Patients and Their Rooms,Time-series study,Ambient temperature; Seasonality,Clinical isolates,Seasonality with other climate factors
180,Burnham et al. (2019),Seasonal Changes in the Prevalence of Antibiotic-Susceptible Acinetobacter calcoaceticus-baumannii Complex Isolates Result in Increased Multidrug Resistance Rates During Winter Months,Time-series study,Seasonality,Clinical isolates,Seasonality only
181,Rusiñol et al. (2017),The occurrence of antibiotic resistance genes in a Mediterranean river and their persistence in the riverbed sediment,Modeling study,Ambient temperature; Seasonality; Precipitation; Extreme weather events,Soil/agricultural sources,Seasonality with other climate factors
182,Abu-Romman et al. (2020),Prevalence and Antimicrobial Resistance of Salmonella spp. From Irrigation Water in Two Major Sources in Jordan,Cross-sectional study,Seasonality,Environmental water,Seasonality only
183,Brouwer et al. (2024),Extended spectrum cephalosporin (ESC) resistant Escherichia coli: Trends and seasonality in the Netherlands from 2014 to 2022,Cross-sectional study,Ambient temperature; Seasonality,Animal sources,Seasonality with other climate factors
184,Birošová et al. (2014),Pilot study of seasonal occurrence and distribution of antibiotics and drug resistant bacteria in wastewater treatment plants in Slovakia,Cross-sectional study,Ambient temperature; Seasonality; Precipitation; Relative humidity,Wastewater,Seasonality with other climate factors
185,LaPara et al. (2015),Influence of a Non-Hospital Medical Care Facility on Antimicrobial Resistance in Wastewater,Cross-sectional study,Seasonality,Wastewater,Seasonality only
188,"Bandy, A.; Tantry, B. (2021)","ESBL Activity, MDR, and Carbapenem Resistance among Predominant Enterobacterales Isolated in 2019",Cross-sectional study,Ambient temperature; Seasonality,Clinical isolates,Seasonality with other climate factors
189,Aslam et al. (2010),"Characterization of antimicrobial resistance and seasonal prevalence of Escherichia coli O157:H7 recovered from commercial feedlots in Alberta, Canada",Time-series study,Ambient temperature; Seasonality,Animal sources,Seasonality with other climate factors
190,Asencio Egea et al. (2018),Trend and seasonality of community-acquired Escherichia coli antimicrobial resistance and its dynamic relationship with antimicrobial use assessed by ARIMA models,Time-series study,Ambient temperature; Seasonality,Clinical isolates,Seasonality with other climate factors
191,Al-Zuhairy & Al-Shirawi (2013),Seasonal and months change of antibiotic resistance in Enterobacter spp in urinary tract infection,Cohort study,Seasonality,Clinical isolates,Seasonality only
192,Al Salah et al. (2020),Hospital wastewaters: A reservoir and source of clinically relevant bacteria and antibiotic resistant genes dissemination in urban river under tropical conditions,Cross-sectional study,Ambient temperature; Seasonality; Precipitation,Clinical isolates,Seasonality with other climate factors
193,Li et al. (2024),Changes in the epidemiology and antimicrobial resistance patterns of Streptococcus pneumoniae in children with community-acquired pneumonia before and during the COVID-19 pandemic: a retrospective study,Cohort study,Seasonality,Clinical isolates,Seasonality only
194,Abdelfattah et al. (2025),Antimicrobial drug use and its association with antimicrobial resistance in fecal commensals from cows on California dairies,Time-series study,Ambient temperature; Seasonality; Precipitation,Animal sources,Seasonality with other climate factors
196,Abatih et al. (2009),"Regional, Seasonal, and Temporal Variations in the Prevalence of Antimicrobial-Resistant Escherichia coli Isolated from Pigs at Slaughter in Denmark (1997–2005)",Cross-sectional study,Ambient temperature; Seasonality; Precipitation; Relative humidity,Animal sources,Seasonality with other climate factors
197,Ahmed et al. (2021),Antibiotic Resistance and Sewage-Associated Marker Genes in Untreated Sewage and a River Characterized During Baseflow and Stormflow,Cross-sectional study,Extreme weather events,Wastewater,No seasonality
198,Begic and Worobec (2007),"Fluoroquinolone resistance of Serratia
marcescens: sucrose, salicylate, temperature,
and pH induction of phenotypic resistance",Cross-sectional study,Ambient temperature,Laboratory isolates,No seasonality
199,Carney et al. (2019),Urban beaches are environmental hotspots for antibiotic resistance following rainfall,Time-series study,Ambient temperature; Precipitation; Extreme weather events,Environmental water,No seasonality
200,Eramo et al. (2017),Partitioning of Antibiotic Resistance Genes and Fecal Indicators Varies Intra and Inter-Storm during Combined Sewer Overflows,Cross-sectional study,Precipitation; Extreme weather events,Soil/agricultural sources,No seasonality
201,Habibi et al. (2023),Antibiotic Resistance Genes in Aerosols: Baseline from Kuwait,Cross-sectional study,Seasonality,Clinical isolates,Seasonality only
203,Li et al. (2023),Tracking spatio-temporal distribution and transmission of antibiotic resistance in aquatic environments by using ESBL-producing Escherichia coli as an indicator,Cross-sectional study,Ambient temperature; Seasonality; Extreme weather events; Relative humidity,Wastewater,Seasonality with other climate factors
205,Novoa et al. (2013),Antibiotic resistance antimicrobial residues and bacterial community composition in urban wastewater,Cross-sectional study,Ambient temperature; Seasonality; Precipitation; Interaction/Composite exposure,Wastewater,Seasonality with other climate factors
206,Wu et al. (2022),Antibiotic resistome and its driving factors in an urban river in northern China,Cross-sectional study,Ambient temperature; Seasonality,Soil/agricultural sources,Seasonality with other climate factors
207,Xu et al. (2024),Typical antibiotic resistance genes and their association with driving factors in the coastal areas of Yangtze River Estuary,Cross-sectional study,Ambient temperature; Seasonality,Environmental water,Seasonality with other climate factors
208,Zhou et al. (2024),Epidemiological and genomic analysis revealed the significant role of flies in dissemination of carbapenem-resistant Enterobacteriaceae (CRE) in China,Cross-sectional study,Ambient temperature; Precipitation,Soil/agricultural sources,No seasonality
209,Yang et al. (2024),Seasonal distribution of human-to-human pathogens in airborne PM2.5 and their potential high-risk ARGs,Cross-sectional study,Ambient temperature; Seasonality; Precipitation; Relative humidity,Air/aerosol,Seasonality with other climate factors
